v,omega,ul,ur,v_next,omega_next
0,0,0,0,0.0,0.0
0.0,0.0,10.000000093465934,9.999999612445091,0.09999999852955511,-4.810208427130647e-08
0.09999999852955511,-4.810208427130647e-08,10.000000091429921,9.999996654670143,0.19999998226005544,-3.917780620810163e-07
0.19999998226005544,-3.917780620810163e-07,10.000000088090752,9.363921144838718,0.2968195884247028,-0.06360828610326551
0.2968195884247028,-0.06360828610326551,10.000000082171374,8.60230261010264,0.3898311018860729,-0.20337803331013887
0.3898311018860729,-0.20337803331013887,10.000000077105211,8.053498863205133,0.4800985965876246,-0.39802815470014663
0.4800985965876246,-0.39802815470014663,10.000000059262808,7.441170576675303,0.5673044497673152,-0.6539111029588971
0.5673044497673152,-0.6539111029588971,10.000000037324735,7.0595040212148605,0.6526019700600132,-0.9479607045698846
0.6526019700600132,-0.9479607045698846,9.9999998760563,6.092632976836683,0.7330651343244781,-1.3386973944918463
0.7330651343244781,-1.3386973944918463,9.999999592136383,5.533785404799765,0.8107340593091588,-1.7853188132255082
0.8107340593091588,-1.7853188132255082,8.013780080602226,4.674277006880138,0.8741743447465706,-2.1192691205977168
0.8741743447465706,-2.1192691205977168,3.7031755850207135,2.4362087412987714,0.9048712663781681,-2.245965804969911
0.9048712663781681,-2.245965804969911,2.8144284506812087,1.9993127936025517,0.9289399725995868,-2.327477370677777
0.9289399725995868,-2.327477370677777,2.3083307250972607,1.7814444024265697,0.9493888482372059,-2.380166002944846
0.9493888482372059,-2.380166002944846,1.8686533260496305,1.5278633650416045,0.9663714316926622,-2.414244999045649
0.9663714316926622,-2.414244999045649,1.481524936669929,1.2620032524736795,0.9800890726383802,-2.436197167465274
0.9800890726383802,-2.436197167465274,1.1384766076243689,0.9994785987109972,0.990778848670057,-2.450096968356611
0.990778848670057,-2.450096968356611,0.8342390720490729,0.7505672897895183,0.99870288047925,-2.4584641465825667
0.99870288047925,-2.4584641465825667,0.5653727677611623,0.5218482746030526,1.0041389856910712,-2.462816595898378
1.0041389856910712,-2.462816595898378,0.3243484322624203,0.3123790855733451,1.00732262328025,-2.4640135305672852
1.00732262328025,-2.4640135305672852,0.11639873418859564,0.13125895015923258,1.0085609117019891,-2.4625275089702217
1.0085609117019891,-2.4625275089702217,-0.059331316918413785,-0.01986145873649835,1.0081649478237147,-2.45858052315203
1.0081649478237147,-2.45858052315203,-0.20545628512875966,-0.14206800348411294,1.0064273263806502,-2.4522416949875656
1.0064273263806502,-2.4522416949875656,-0.32449009770648646,-0.23703094286190987,1.0036197211778082,-2.443495779503108
1.0036197211778082,-2.443495779503108,-0.41888160136830327,-0.3068063218898864,0.9999912815615172,-2.432288251555266
0.9999912815615172,-2.432288251555266,-0.49103356676457377,-0.3536979592665579,0.9957676239313615,-2.4185546908054647
0.9957676239313615,-2.4185546908054647,-0.5484290773708469,-0.38510927281079643,0.9910999321804533,-2.4022227103494598
0.9910999321804533,-2.4022227103494598,-0.5876745616872664,-0.39801691421927166,0.9861714748009206,-2.3832569456026604
0.9861714748009206,-2.3832569456026604,-0.6107133916892901,-0.39463029996188786,0.9811447563426647,-2.36164863642992
0.9811447563426647,-2.36164863642992,-0.619458947755146,-0.3771631406727988,0.976161645900525,-2.337419055721685
0.976161645900525,-2.337419055721685,-0.6157713051310343,-0.3477832749171889,0.9713438730002839,-2.310620252700301
0.9713438730002839,-2.310620252700301,-0.6014367784591048,-0.30857339942706374,0.9667938221108531,-2.281333914797097
0.9667938221108531,-2.281333914797097,1.4627105712979187,1.223880905537711,0.9802267794950312,-2.3052168813731178
0.9802267794950312,-2.3052168813731178,1.0365453155268123,1.0861627247140904,0.9908403196962358,-2.30025514045439
0.9908403196962358,-2.30025514045439,0.6959833325534549,0.9283251379239994,0.998961862048623,-2.277020959917335
0.998961862048623,-2.277020959917335,0.4214051858169712,0.7690189535426067,1.004913982745421,-2.242259583144772
1.004913982745421,-2.242259583144772,0.19351133298292467,0.6136328385984222,1.0089497036033277,-2.200247432583222
1.0089497036033277,-2.200247432583222,0.011188678588273741,0.47645842455175946,1.011387939119028,-2.1537204579868736
1.011387939119028,-2.1537204579868736,-0.13181036654937983,0.36121305282671545,1.0125349525504146,-2.104418116049264
1.0125349525504146,-2.104418116049264,-0.24155133059745204,0.2681761422023454,1.012668076608439,-2.053445368769284
1.012668076608439,-2.053445368769284,-0.3229522140965845,0.1964235668844334,1.0120354333723782,-2.001507790671182
1.0120354333723782,-2.001507790671182,-0.3801469066541594,0.14431431950306792,1.0108562704366229,-1.9490616680554593
1.0108562704366229,-1.9490616680554593,-0.41670900350598217,0.10981397088697456,1.0093217952735278,-1.8964093706161638
1.0093217952735278,-1.8964093706161638,-0.4357886757738545,0.09070995366966052,1.0075964016630068,-1.8437595076718123
1.0075964016630068,-1.8437595076718123,-0.44019605397878636,0.08475446511481192,1.0058191937186869,-1.7912644557624524
1.0058191937186869,-1.7912644557624524,1.6236187596364173,1.7725648225831887,1.022800111629785,-1.7763698494677753
1.022800111629785,-1.7763698494677753,1.1845797558139446,1.5119513506947297,1.0362827671623283,-1.7436326899796968
1.0362827671623283,-1.7436326899796968,0.8270280267513304,1.2601204465498197,1.046718509528834,-1.700323447999848
1.046718509528834,-1.700323447999848,0.5352498955680265,1.0279841521133475,1.054534679767241,-1.6510500223453157
1.054534679767241,-1.6510500223453157,0.2979234107502975,0.8212805583553724,1.0601306996127693,-1.5987143075848083
1.0601306996127693,-1.5987143075848083,0.10653553078279697,0.6424026377626175,1.0638753904554963,-1.545127596886826
1.0638753904554963,-1.545127596886826,-0.045609439201786964,0.4916030796700876,1.0661053586578377,-1.4914063449996386
1.0661053586578377,-1.4914063449996386,-0.1640063502043754,0.3677924515337924,1.0671242891644848,-1.4382264648258218
1.0671242891644848,-1.4382264648258218,-0.2533290420755749,0.2690709161919033,1.0672029985350664,-1.385986468999074
1.0672029985350664,-1.385986468999074,-0.3176619346955288,0.19308418624258145,1.0665801097928016,-1.334911856905263
1.0665801097928016,-1.334911856905263,-0.3606397306786321,0.13726254262546908,1.065463223852536,-1.2851216295748529
1.065463223852536,-1.2851216295748529,1.7037206209860964,1.9398017023768732,1.0836808354693508,-1.261513521435775
1.0836808354693508,-1.261513521435775,1.2454782529624473,1.5912060016371836,1.0978642567423489,-1.2269407465683015
1.0978642567423489,-1.2269407465683015,0.8642757832807887,1.270848157447521,1.1085398764459904,-1.1862835091516284
1.1085398764459904,-1.1862835091516284,0.5322229394960722,0.9692250938202892,1.1160471166125723,-1.1425832937192066
1.1160471166125723,-1.1425832937192066,0.260815412308883,0.7092470643808187,1.1208974289960207,-1.097740128512013
1.1208974289960207,-1.097740128512013,0.04488689806097249,0.4931677029997595,1.1235877020013243,-1.0529120480181342
1.1235877020013243,-1.0529120480181342,-0.12396182890982159,0.3173305512378477,1.1245545456129644,-1.0087828100033673
1.1245545456129644,-1.0087828100033673,-0.25288367334798617,0.17756759431950206,1.124177965217822,-0.9657376832366186
1.124177965217822,-0.9657376832366186,-0.34806641837139746,0.06954910490033303,1.1227853786504667,-0.9239761309094455
1.1227853786504667,-0.9239761309094455,-0.41491641778180627,-0.010992797459767086,1.1206558325742588,-0.8835837688772417
1.1206558325742588,-0.8835837688772417,1.6533342328238023,1.883710244624045,1.138341054961498,-0.8605461676972174
1.138341054961498,-0.8605461676972174,1.1484130164997532,1.4464782919993473,1.1513155115039935,-0.830739640147258
1.1513155115039935,-0.830739640147258,0.7331431040688753,1.0668707974683624,1.1603155810116796,-0.7973668708073093
1.1603155810116796,-0.7973668708073093,0.3939969647217916,0.7435162440609756,1.1660031470555934,-0.7624149428733908
1.1660031470555934,-0.7624149428733908,0.11987293992611428,0.47307715343859597,1.168967897522417,-0.7270945215221427
1.168967897522417,-0.7270945215221427,-0.0985950875649418,0.25112141255814685,1.169730529147383,-0.6921228715098339
1.169730529147383,-0.6921228715098339,-0.26947525705379954,0.07269333734031036,1.1687466195488154,-0.6579060120704229
1.1687466195488154,-0.6579060120704229,-0.39981728030997493,-0.06731422295761945,1.1664109620324774,-0.6246557063351873
1.1664109620324774,-0.6246557063351873,-0.4958340687070671,-0.17392045228763525,1.163062189427504,-0.5924643446932442
1.163062189427504,-0.5924643446932442,-0.5630233331141428,-0.25190618557408556,1.1589875418340627,-0.5613526299392384
1.1589875418340627,-0.5613526299392384,1.5036233399558687,1.7179400440843073,1.1750953587542636,-0.5399209595263945
1.1750953587542636,-0.5399209595263945,1.0054762914766808,1.2557562702611815,1.1864015215629529,-0.5148929616479444
1.1864015215629529,-0.5148929616479444,0.59195449515452,0.8601445458034607,1.1936620167677428,-0.48807395658305036
1.1936620167677428,-0.48807395658305036,0.25179650458407093,0.5268382344173522,1.19755519046275,-0.4605697835997222
1.19755519046275,-0.4605697835997222,-0.024722919193173362,0.25056532981199636,1.198684402515844,-0.4330409586992053
1.198684402515844,-0.4330409586992053,-0.24615554133659337,0.025589341889712142,1.1975815715186096,-0.40586647037657475
1.1975815715186096,-0.40586647037657475,-0.42010717876005993,-0.15393378121033338,1.1947113667187577,-0.3792491306216021
1.1947113667187577,-0.3792491306216021,-0.5533828678830878,-0.29372271662920585,1.1904758387961962,-0.3532831154962139
1.1904758387961962,-0.3532831154962139,-0.652082796223146,-0.3992221234901555,1.1852193141976297,-0.3279970482229148
1.1852193141976297,-0.3279970482229148,-0.7216695327000323,-0.4755117921554861,1.1792334075733522,-0.30338127416846017
1.1792334075733522,-0.30338127416846017,1.3079556109291766,1.5269909758887037,1.1934081405074415,-0.28147773767250744
1.1934081405074415,-0.28147773767250744,0.8204222930247861,1.0483327425000561,1.2027519156850657,-0.25868669272498046
1.2027519156850657,-0.25868669272498046,0.4050061352269881,0.6360121830726724,1.207957007276564,-0.23558608794041203
1.207957007276564,-0.23558608794041203,0.05495884415796526,0.2856961289557583,1.2096602821421325,-0.21251235946063274
1.2096602821421325,-0.21251235946063274,-0.2211558360308831,0.007448348124308083,1.2085917447025996,-0.18965194104511363
1.2085917447025996,-0.18965194104511363,-0.4354174396266251,-0.2098645523141059,1.2053653347428959,-0.1670966523138617
1.2053653347428959,-0.1670966523138617,-0.598252474455973,-0.3760936105884459,1.2004936043176737,-0.144880765927109
1.2004936043176737,-0.144880765927109,-0.7186422008521423,-0.4998800094541333,1.1944009932661424,-0.1230045467873081
1.1944009932661424,-0.1230045467873081,-0.8191038138391814,-0.6035430790774329,1.1872877588015593,-0.10144847331113324
1.1872877588015593,-0.10144847331113324,-0.8917974338291111,-0.6791538169366885,1.1794330025477304,-0.08018411162189099
1.1794330025477304,-0.08018411162189099,-0.9399289202509626,-0.729876793070294,1.171083973981124,-0.05917889890382412
1.171083973981124,-0.05917889890382412,1.0253299614894962,1.2822784687900326,1.1826220161325218,-0.03348404817377047
1.1826220161325218,-0.03348404817377047,0.5746894906242059,0.8116106178178631,1.1895535166747322,-0.009791935454404752
1.1895535166747322,-0.009791935454404752,0.19336609696388296,0.4173991085013642,1.1926073427020585,0.01261136569934337
1.1926073427020585,0.01261136569934337,-0.12497029821615702,0.09090345764318551,1.1924370084991935,0.034198741285277626
1.1924370084991935,0.034198741285277626,-0.38679481096971724,-0.1759236216909724,1.18962341633589,0.05528586021315211
1.18962341633589,0.05528586021315211,-0.5984960151720095,-0.39050135975543177,1.184678429461253,0.07608532575480989
1.184678429461253,0.07608532575480989,-0.7662211163649477,-0.5596562080835548,1.1780490428390105,0.09674181658294918
1.1780490428390105,0.09674181658294918,-0.8957751030701543,-0.6896428917719,1.1701219528648001,0.11735503771277461
1.1701219528648001,0.11735503771277461,-0.9925583319874669,-0.7861603223765558,1.16122835959298,0.13799483867386572
1.16122835959298,0.13799483867386572,-1.061531768264552,-0.8543673570309723,1.1516488639665023,0.1587112797972237
1.1516488639665023,0.1587112797972237,-1.1072022692569135,-0.8989008626380008,1.1416183483070277,0.17954142045911495
1.1416183483070277,0.17954142045911495,-1.1336224302224573,-0.9238970230350622,1.13133075104074,0.20051396117785447
1.13133075104074,0.20051396117785447,-1.1444009664535428,-0.9330159438957472,1.1209436664889936,0.22165246343363404
1.1209436664889936,0.22165246343363404,0.6978784548350827,1.0466775795152519,1.1296664466607453,0.25653237590165096
1.1296664466607453,0.25653237590165096,0.31012468269511706,0.6035152043016498,1.134234646095729,0.28587142806230426
1.134234646095729,0.28587142806230426,-0.024178001796101637,0.23645257302709644,1.1352960189518841,0.31193448554462405
1.1352960189518841,0.31193448554462405,-0.30746853432228544,-0.06509740374196442,1.133433189261563,0.33617159860265616
1.133433189261563,0.33617159860265616,-0.5434277872871405,-0.31005849051563605,1.1291657578725491,0.3595085282798066
1.1291657578725491,0.3595085282798066,-0.7363839122444503,-0.5061297448252681,1.1229531895872005,0.38253394502172483
1.1229531895872005,0.38253394502172483,-0.890923187577074,-0.6600608171877825,1.1151982695633762,0.405620182060654
1.1151982695633762,0.405620182060654,-1.011637309755499,-0.7778267022193891,1.1062509495035018,0.42900124281426494
1.1062509495035018,0.42900124281426494,-1.1029618969184432,-0.8647414588564969,1.0964124327246272,0.45282328662045956
1.0964124327246272,0.45282328662045956,-1.1756251328824976,-0.9321208249070736,1.0858737029356793,0.47717371741800196
1.0858737029356793,0.47717371741800196,-1.2381875308228447,-0.9889129124873196,1.0747382007191284,0.5021011792515545
1.0747382007191284,0.5021011792515545,-1.279965031859765,-1.0245893978701195,1.063215428570479,0.527638742650519
1.063215428570479,0.527638742650519,-1.3040418947692631,-1.0423532172526584,1.0514834530103694,0.5538076104021795
1.0514834530103694,0.5538076104021795,-1.313282294370231,-1.0451232213344432,1.0396914254318461,0.5806235177057583
1.0396914254318461,0.5806235177057583,-1.3103093808621855,-1.0355356423259552,1.0279622003159055,0.6081008915593813
1.0279622003159055,0.6081008915593813,-1.2974955212341175,-1.015947861246138,1.0163949834035042,0.6362556575581793
1.0163949834035042,0.6362556575581793,-1.2769581873515115,-0.9884476235026634,1.0050679543492334,0.6651067139430641
1.0050679543492334,0.6651067139430641,0.3221246513645705,0.8928499619932385,1.0111428274160223,0.7221792450059309
1.0111428274160223,0.7221792450059309,0.056586131340810183,0.5186037752402094,1.0140187769489275,0.7683810093958708
1.0140187769489275,0.7683810093958708,-0.19030154466699803,0.20935367654965922,1.0141140376083408,0.8083465315175365
1.0141140376083408,0.8083465315175365,-0.4124247734700669,-0.045452891775309034,1.011824649282114,0.8450437196870123
1.011824649282114,0.8450437196870123,-0.6069661182680924,-0.2537289523356282,1.0075211739290952,0.8803674362802587
1.0075211739290952,0.8803674362802587,-0.7732608548430272,-0.4216770647570873,1.0015464843310946,0.9155258152888527
1.0015464843310946,0.9155258152888527,-0.9120071471364417,-0.5543947292763761,0.9942144749490305,0.9512870570748593
0.9942144749490305,0.9512870570748593,-1.0316470709064611,-0.6632340990635386,0.9857400690991804,0.9881283542591516
0.9857400690991804,0.9881283542591516,-1.1291272706486803,-0.7469079892888391,0.9763598927994929,1.0263502823951356
0.9763598927994929,1.0263502823951356,-1.2041082819675473,-0.8062171894947969,0.9663082654421812,1.0661393916424107
0.9663082654421812,1.0661393916424107,-1.2586880259397486,-0.8440152303479895,0.9557947491607425,1.1076066712015866
0.9557947491607425,1.1076066712015866,-1.2950538220911265,-0.8629882207964015,0.9450045389463049,1.150813231331059
0.9450045389463049,1.150813231331059,-1.3153923197622126,-0.8656658158874794,0.9340992482680565,1.1957858817185323
0.9340992482680565,1.1957858817185323,-1.3218250053281317,-0.8544227612446914,0.9232180094351924,1.2425261061268764
0.9232180094351924,1.2425261061268764,-1.3163621647547188,-0.8314765597907877,0.9124788158124648,1.2910146666232696
0.9124788158124648,1.2910146666232696,-1.3008703781140174,-0.798884601989723,0.9019800409119462,1.341213244235699
0.9019800409119462,1.341213244235699,-1.277049971595178,-0.7585427768146048,0.8918020771698972,1.3930639637137563
0.8918020771698972,1.3930639637137563,-1.170099321234798,-0.6347808107287676,0.8827776765100794,1.4465958147643594
0.8827776765100794,1.4465958147643594,-1.064620468361014,-0.5129568904376768,0.874889789716086,1.5017621725566932
0.874889789716086,1.5017621725566932,-0.9802269735022066,-0.4131787328251797,0.8679227611844491,1.5584669966243958
0.8679227611844491,1.5584669966243958,-0.912352066099986,-0.3313165573820548,0.8617044180670389,1.616570547496189
0.8617044180670389,1.616570547496189,-0.8571474024299759,-0.2641174608629604,0.8560980937505742,1.6758735416528905
0.8560980937505742,1.6758735416528905,-0.8113274858215607,-0.209072255592543,0.8509960950435037,1.7360990646757923
0.8509960950435037,1.7360990646757923,-0.7720053639373105,-0.16434238747871907,0.8463143562864236,1.7968653623216515
0.8463143562864236,1.7968653623216515,-0.7365691798940205,-0.12868869702109353,0.841988066901848,1.8576534106089442
0.841988066901848,1.8576534106089442,-0.7024143544233359,-0.10158023703710631,0.8379680939445459,1.917736822347567
0.8379680939445459,1.917736822347567,-0.6669768852677499,-0.0830321317330401,0.8342180488595419,1.9761312977010381
0.8342180488595419,1.9761312977010381,-0.6267373125180546,-0.07449861144639656,0.8307118692397196,2.031355167808204
0.8307118692397196,2.031355167808204,-0.5787293416727066,-0.0772844337512729,0.8274318003625998,2.081499658600347
0.8274318003625998,2.081499658600347,-0.5146896917355156,-0.09833598532688972,0.8243666719772877,2.12313502924121
0.8243666719772877,2.12313502924121,-0.4415346189673444,-0.12972749026878938,0.8215103614311071,2.1543157421110655
0.8215103614311071,2.1543157421110655,-0.3793590382081708,-0.1506343507667838,0.8188603944862324,2.177188210855204
0.8188603944862324,2.177188210855204,-0.32877951584681336,-0.159945489175504,0.8164167694611207,2.194071613522335
0.8164167694611207,2.194071613522335,-0.2842456331661719,-0.16289402899253885,0.8141810711503272,2.206206773939698
0.8141810711503272,2.206206773939698,-0.243862864934606,-0.16118640652452357,0.8121558247930316,2.2144744197807062
0.8121558247930316,2.2144744197807062,-0.20586282051029922,-0.15649754788463757,0.8103440229510569,2.2194109470432726
0.8103440229510569,2.2194109470432726,-0.16936656909136386,-0.14968195938143558,0.8087487803086929,2.2213794080142653
0.8087487803086929,2.2213794080142653,-0.1337763645058951,-0.14136306433011395,0.8073730831645128,2.2206207380318435
0.8073730831645128,2.2206207380318435,-0.0987806978518194,-0.13191391860995713,0.806219610082204,2.2173074159560295
0.806219610082204,2.2173074159560295,-0.06421340819904217,-0.12158733133030537,0.8052906063845573,2.2115700236429032
0.8052906063845573,2.2115700236429032,-0.030014271200090287,-0.11054705562005258,0.8045877997504566,2.203516745200907
0.8045877997504566,2.203516745200907,0.0038156274130583144,-0.09890610547485196,0.8041123473601476,2.193244571912116
0.8041123473601476,2.193244571912116,1.2857576359668343,1.6860480731856953,0.8189713759059102,2.233273615634002
0.8189713759059102,2.233273615634002,1.021570166538224,1.160439932070621,0.8298814263989545,2.247160592187242
0.8298814263989545,2.247160592187242,0.7999261505361798,0.7707519169172614,0.8377348167362216,2.24424316882535
0.8377348167362216,2.24424316882535,0.6205111614903696,0.48270403468873313,0.8432508927171172,2.2304624561451867
0.8432508927171172,2.2304624561451867,0.48000900649587797,0.2713342953022986,0.8470076092261081,2.209594985025829
0.8470076092261081,2.209594985025829,0.37376112038416026,0.11822389180712346,0.8494675342870645,2.184041262168125
0.8494675342870645,2.184041262168125,0.2967269783242278,0.009612697009932461,0.8509992326637352,2.1553298340366958
0.8509992326637352,2.1553298340366958,0.24401399999987314,-0.06489498855544154,0.8518948277209574,2.124438935181164
0.8518948277209574,2.124438935181164,0.21114629906298032,-0.11323049868936465,0.8523844067228254,2.0920012554059295
0.8523844067228254,2.0920012554059295,0.19417843652871034,-0.14149526115225305,0.8526478225997077,2.0584338856378332
0.8526478225997077,2.0584338856378332,0.18972012605505184,-0.15441447333607441,0.8528243508633027,2.0240204256987204
0.8528243508633027,2.0240204256987204,0.19491240401793128,-0.15566628243191447,0.8530205814712327,1.988962557053736
0.8530205814712327,1.988962557053736,0.20737975210056114,-0.14812411926665692,0.8533168596354023,1.9534121699170142
0.8533168596354023,1.9534121699170142,0.22517263601952237,-0.13403759846385846,0.8537725348231806,1.9174911464686761
0.8537725348231806,1.9174911464686761,0.24670870950307833,-0.1151693218963655,0.8544302317612141,1.8813033433287318
0.8544302317612141,1.8813033433287318,0.2707171230955127,-0.09289955337335581,0.8553193196098249,1.844941675681845
0.8553193196098249,1.844941675681845,0.29618808517812406,-0.06830713911764547,0.8564587243401273,1.8084921532522682
0.8564587243401273,1.8084921532522682,1.797353152596192,1.8228026014825094,0.8745595031105208,1.8110370981408999
0.8745595031105208,1.8110370981408999,1.4554873068197705,1.299266480660366,0.8883332720479215,1.7954150155249593
0.8883332720479215,1.7954150155249593,1.1759789788660384,0.9090838845856267,0.8987585863651798,1.768725506096918
0.8987585863651798,1.768725506096918,0.9524695729100665,0.6200570514687261,0.9066212194870737,1.735484253952784
0.9066212194870737,1.735484253952784,0.8390772664415033,0.4706535931464451,0.9131698737850135,1.6986418866232782
0.9131698737850135,1.6986418866232782,0.7485542075459659,0.36223679219771826,0.9187238287837319,1.6600101450884535
0.9187238287837319,1.6600101450884535,0.6692688122915573,0.2763376422298102,0.9234518610563388,1.6207170280822787
0.9234518610563388,1.6207170280822787,0.6021518325393032,0.2096144116334591,0.9275106922772026,1.5814632859916944
0.9275106922772026,1.5814632859916944,0.5472524623817958,0.15940056838280944,0.9310439574310256,1.5426780965917957
0.9310439574310256,1.5426780965917957,0.5040606914977536,0.12346809553430843,0.934181601366186,1.5046188369954512
0.934181601366186,1.5046188369954512,0.47172364086873186,0.09988447815609161,0.9370396419613101,1.4674349207241872
0.9370396419613101,1.4674349207241872,0.44919192983632145,0.08692804782184352,0.9397202418496009,1.4312085325227395
0.9397202418496009,1.4312085325227395,0.4353193888579226,0.0830391863526929,0.942312034725654,1.3959805122722164
0.942312034725654,1.3959805122722164,0.42893126520681857,0.08679311524319099,0.944890656627904,1.3617666972758538
0.944890656627904,1.3617666972758538,0.4288708269539842,0.09688527442067593,0.9475194371347773,1.3285681420225228
0.9475194371347773,1.3285681420225228,2.13472000338668,2.113197584567981,0.9687590250745506,1.326415900140653
0.9687590250745506,1.326415900140653,1.877140595377848,1.7251474694657036,0.9867704653987683,1.3112165875494386
0.9867704653987683,1.3112165875494386,1.6238702136074232,1.3959953234555844,1.0018697930840834,1.2884290985342548
1.0018697930840834,1.2884290985342548,1.3829145708482062,1.1135759288310851,1.0143522455824798,1.2614952343325427
1.0143522455824798,1.2614952343325427,1.1502882677476334,0.8608182780937605,1.0244077783116867,1.2325482353671555
1.0244077783116867,1.2325482353671555,0.9469702152407624,0.6507285902141889,1.0323962723389615,1.202924072864498
1.0323962723389615,1.202924072864498,0.7729814090506876,0.4780073341568901,1.0386512160549994,1.1734266653751184
1.0386512160549994,1.1734266653751184,0.627208878228125,0.3381695183996257,1.0434781080381381,1.1445227293922684
1.0434781080381381,1.1445227293922684,0.5078354224104489,0.22727960922526766,1.0471536831963166,1.1164671480737502
1.0471536831963166,1.1164671480737502,0.41263263824012236,0.1417963076894403,1.0499258279259644,1.0893835150186821
1.0499258279259644,1.0893835150186821,0.33916220954761517,0.07848439937993776,1.0520140609706021,1.0633157340019144
1.0520140609706021,1.0633157340019144,0.2849148119826405,0.0343666173115166,1.0536104681170728,1.038260914534802
1.0536104681170728,1.038260914534802,2.1170703064370753,2.131097657532439,1.0748513079369204,1.0396636496443386
1.0748513079369204,1.0396636496443386,1.7648293801247523,1.6670364702271536,1.09201063718868,1.0298843586545787
1.09201063718868,1.0298843586545787,1.441173863458192,1.2786033016801677,1.1056095230143717,1.0136273024767763
1.1056095230143717,1.0136273024767763,1.141832219912725,0.9439484084458446,1.1160384261561644,0.9938389213300883
1.1160384261561644,0.9938389213300883,0.8726732585789432,0.6577726649097111,1.1236906557736077,0.9723488619631652
1.1236906557736077,0.9723488619631652,0.649144614665746,0.42850907723172127,1.129078924233095,0.9502853082197626
1.129078924233095,0.9502853082197626,0.4674800334361144,0.24782366338692616,1.1326554427172102,0.9283196712148438
1.1326554427172102,0.9283196712148438,0.3234174817455257,0.10857633598378563,1.1348154118058567,0.9068355566386698
1.1348154118058567,0.9068355566386698,0.21253992254350082,0.0045568477013713206,1.135900895657081,0.8860372491544568
1.135900895657081,0.8860372491544568,2.1161474125781328,2.146604329933988,1.1572146543696418,0.8890829408900424
1.1572146543696418,0.8890829408900424,1.6644424526789285,1.5913494473323182,1.173493613869698,0.8817736403553813
1.173493613869698,0.8817736403553813,1.2702386018917793,1.137434235018698,1.1855319780542504,0.8684932036680731
1.1855319780542504,0.8684932036680731,0.9337494104848382,0.7687213642085918,1.1940443319277174,0.8519903990404485
1.1940443319277174,0.8519903990404485,0.6524841312485486,0.47225189420630775,1.1996680120549916,0.8339671753362244
1.1996680120549916,0.8339671753362244,0.4223912708600975,0.23729804207155605,1.2029664586196498,0.8154578524573703
1.2029664586196498,0.8154578524573703,0.2307832743604892,0.04689633788799634,1.2043548566808921,0.7970691588101211
1.2043548566808921,0.7970691588101211,0.08617360397206658,-0.09304361546602069,1.2043205066234224,0.7791474368663124
1.2043205066234224,0.7791474368663124,-0.018197012875192077,-0.1909339097941121,1.2032748520100758,0.7618737471744204
1.2032748520100758,0.7618737471744204,1.999895478281341,2.0438658627979533,1.2234936587154723,0.7662707856260816
1.2234936587154723,0.7662707856260816,1.4771978098877634,1.4260395455170283,1.2380098454924964,0.7611549591890081
1.2380098454924964,0.7611549591890081,1.0443627998415381,0.9383782729281654,1.2479235508563449,0.7505565064976708
1.2479235508563449,0.7505565064976708,0.6925741225951507,0.5570269898768987,1.254171556418705,0.7370017932258456
1.254171556418705,0.7370017932258456,0.412234676722193,0.2627621976342715,1.2575465407904873,0.7220545453170535
1.2575465407904873,0.7220545453170535,0.19376396689029463,0.0398665550438676,1.258714693400158,0.7066648041324108
1.258714693400158,0.7066648041324108,0.02805941683064084,-0.12465196423822723,1.25823173066312,0.691393666025524
1.25823173066312,0.691393666025524,-0.09325606617050541,-0.24161497185418349,1.2565573754729966,0.6765577754571562
1.2565573754729966,0.6765577754571562,-0.17772108771847941,-0.32007898661212714,1.2540683751013435,0.6623219855677914
1.2540683751013435,0.6623219855677914,1.9455330707133904,2.00208882384445,1.2738064845741328,0.6679775608808974
1.2738064845741328,0.6679775608808974,1.4120007874123384,1.3806991214692157,1.2877699841185406,0.6648473942865851
1.2877699841185406,0.6648473942865851,0.9711230588722304,0.8892560693650896,1.2970718797597272,0.656660695335871
1.2970718797597272,0.656660695335871,0.6133236852487327,0.5042689347333957,1.3026598428596379,0.6457552202843373
1.3026598428596379,0.6457552202843373,0.3186914205437809,0.19689169398365886,1.305237758432275,0.6335752476283251
1.305237758432275,0.6335752476283251,0.08977135142706634,-0.03601333448586574,1.305506548516981,0.6209967790370319
1.305506548516981,0.6209967790370319,-0.07509673962773455,-0.19969403415494902,1.3041325946480675,0.6085370495843104
1.3041325946480675,0.6085370495843104,-0.18937569171813484,-0.309871747551875,1.3016363574517176,0.5964874440009365
1.3016363574517176,0.5964874440009365,-0.2640989203508804,-0.3789845163816501,1.2984209402680549,0.5849988843978595
1.2984209402680549,0.5849988843978595,1.934632005158292,2.0054249399124537,1.3181212249934087,0.5920781778732757
1.3181212249934087,0.5920781778732757,1.3111822376561977,1.2992702352817398,1.3311734873580983,0.5908869776358299
1.3311734873580983,0.5908869776358299,0.8202006500471161,0.7604991388808792,1.3390769863027383,0.5849168265192062
1.3390769863027383,0.5849168265192062,0.44407138217479797,0.35846361984790914,1.3430896613128518,0.5763560502865173
1.3430896613128518,0.5763560502865173,0.1609772733154749,0.06298758643766936,1.3442094856116176,0.5665570815987367
1.3442094856116176,0.5665570815987367,-0.04747578713249375,-0.14966313795411706,1.3432237909861846,0.5563383465165744
1.3432237909861846,0.5563383465165744,-0.19662559069895555,-0.29821817006267964,1.3407495721823763,0.546179088580202
1.3407495721823763,0.546179088580202,-0.2991477028244732,-0.39748996297414807,1.3372663838533831,0.5363448625652345
1.3372663838533831,0.5363448625652345,-0.3654392436653161,-0.459206040464525,1.333143157432734,0.5269681828853137
1.333143157432734,0.5269681828853137,1.894643842213262,1.9746433600071784,1.3524895934438361,0.5349681346647053
1.3524895934438361,0.5349681346647053,1.2489596434971337,1.249512415673214,1.364981953739688,0.5350234118823133
1.364981953739688,0.5350234118823133,0.7455962127495114,0.6998254838176032,1.3722090622225234,0.5304463389891224
1.3722090622225234,0.5304463389891224,0.3583329301953418,0.2869927756630792,1.3754356907518155,0.5233123235358962
1.3754356907518155,0.5233123235358962,0.06482619927098329,-0.019258877550285762,1.375663527360419,0.5149038158537693
1.375663527360419,0.5149038158537693,-0.1537180191879355,-0.24278148343376543,1.3736810298473106,0.5059974694291863
1.3736810298473106,0.5059974694291863,-0.31294948889578633,-0.40242636811591415,1.370104150562252,0.49704978150717355
1.370104150562252,0.49704978150717355,-0.42579502411541137,-0.5131216750524784,1.3654095670664126,0.48831711641346687
1.3654095670664126,0.48831711641346687,-0.5028619577757246,-0.5866985223800698,1.3599617646656337,0.4799334599530323
1.3599617646656337,0.4799334599530323,-0.5528072741912006,-0.6325297900544368,1.3540350793444056,0.4719612083667087
1.3540350793444056,0.4719612083667087,1.7180830567741685,1.7931744553005713,1.3715913669047792,0.479470348219349
1.3715913669047792,0.479470348219349,1.0641861576665743,1.0674918351402956,1.3822497568688137,0.4798009159667211
1.3822497568688137,0.4798009159667211,0.5496266192326744,0.512008813822531,1.3875579340340898,0.47603913542570675
1.3875579340340898,0.47603913542570675,0.1479967408636754,0.08951998014648437,1.3887455176391406,0.47019145935398765
1.3887455176391406,0.47019145935398765,-0.16329333850051522,-0.22902456902093113,1.3867839281015333,0.46361833630194604
1.3867839281015333,0.46361833630194604,-0.40330978379728033,-0.4663911332474983,1.3824354235163094,0.45731020135692424
1.3824354235163094,0.45731020135692424,-0.5885263478108956,-0.6399049955772762,1.3762932667993686,0.45217233658028616
1.3762932667993686,0.45217233658028616,-0.731983602045715,-0.7637407668447254,1.3688146449549163,0.4489966201003851
1.3688146449549163,0.4489966201003851,-0.8407404640350965,-0.8526518274685051,1.3603476834973984,0.44780548375704426
1.3603476834973984,0.44780548375704426,-0.9214794191421928,-0.9173354093923527,1.3511536093547256,0.4482198847320283
1.3511536093547256,0.4482198847320283,-0.9819885069199726,-0.9637681114606006,1.3414248262628228,0.45004192427796547
1.3414248262628228,0.45004192427796547,-1.0278098192422693,-0.9972435014148336,1.3312995596595372,0.45309855606070903
1.3312995596595372,0.45309855606070903,-1.063444885522031,-1.0217282449347465,1.3208736940072532,0.4572702201194375
1.3208736940072532,0.4572702201194375,0.999305060957217,1.2258581420061936,1.3319995100220703,0.47992552822433515
1.3319995100220703,0.47992552822433515,0.37722996057688046,0.5294327293154817,1.3365328234715321,0.4951458050981953
1.3365328234715321,0.4951458050981953,-0.12122299105641884,-0.010816399128038263,1.3358726265206098,0.5061864642910333
1.3358726265206098,0.5061864642910333,-0.5182329989980448,-0.4291348633037626,1.3311357872091008,0.5150962778604615
1.3311357872091008,0.5150962778604615,-0.8327665471307172,-0.7522531066659186,1.3232106889401176,0.5231476219069414
1.3232106889401176,0.5231476219069414,-1.0807865779732362,-1.001121075738045,1.3128011506715611,0.5311141721304605
1.3128011506715611,0.5311141721304605,-1.27555716474864,-1.19219740583177,1.300462377818659,0.5394501480221475
1.300462377818659,0.5394501480221475,-1.4279783036942828,-1.3384198496518331,1.2866303870519284,0.5484059934263925
1.2866303870519284,0.5484059934263925,-1.5961087668300928,-1.4992429140769012,1.2711536286473935,0.5580925787017117
1.2711536286473935,0.5580925787017117,-1.7316892182142831,-1.6272439551562976,1.2543589627805405,0.5685371050075102
1.2543589627805405,0.5685371050075102,-1.8382874635729343,-1.7264883354280929,1.2365350837855353,0.5797170178219944
1.2365350837855353,0.5797170178219944,-1.9208157125110472,-1.8021415033691723,1.2179202977061343,0.5915844387361818
1.2179202977061343,0.5915844387361818,-1.9834022087096805,-1.8583834265736454,1.1987113695297176,0.6040863169497853
1.1987113695297176,0.6040863169497853,-2.0328774170862465,-1.9019150328393897,1.1790374072800893,0.617182555374471
1.1790374072800893,0.617182555374471,-2.116360107592766,-1.9797321528992329,1.1585569459776293,0.6308453508438243
1.1585569459776293,0.6308453508438243,-2.177912227917816,-2.0351627298203474,1.1374915711889384,0.6451203006535712
1.1374915711889384,0.6451203006535712,-2.220467163917204,-2.070169016927887,1.1160383902847129,0.6601501153525029
1.1160383902847129,0.6601501153525029,-2.2467021773434337,-2.08599455787739,1.0943749066086088,0.6762208772991073
1.0943749066086088,0.6762208772991073,-2.2694609832323573,-2.093518495764167,1.0725600092136263,0.6938151260459263
1.0725600092136263,0.6938151260459263,-2.308828733276773,-2.109557659500139,1.0504680772497417,0.7137422334235898
1.0504680772497417,0.7137422334235898,-2.3324761069537843,-2.097803681708811,1.0283166783064286,0.7372094759480871
1.0283166783064286,0.7372094759480871,-2.343576824421522,-2.0581197557800857,1.0063081954054205,0.7657551828122307
1.0063081954054205,0.7657551828122307,-2.3455171831265,-1.9901584032853106,0.9846298174733614,0.8012910607963496
0.9846298174733614,0.8012910607963496,-2.3603158094888532,-1.9125231888117098,0.9632656224818587,0.8460703228640639
0.9632656224818587,0.8460703228640639,-2.376524598598431,-1.8102242513667468,0.9423318782320328,0.9027003575872323
0.9423318782320328,0.9027003575872323,-2.3889824184587294,-1.6748191895457096,0.9220128701920106,0.9741166804785343
0.9220128701920106,0.9741166804785343,-2.4018484691357678,-1.5077276673723925,0.9024649895094699,1.0635287606548718
0.9024649895094699,1.0635287606548718,-2.4194075498694767,-1.311075910333782,0.8838125722084536,1.1743619246084414
0.8838125722084536,1.1743619246084414,-2.294799558543099,-0.9322858584444114,0.867677145123516,1.3106132946183102
0.867677145123516,1.3106132946183102,-2.213295961039585,-0.5569155678946891,0.8538260874788447,1.4762513339327998
0.8538260874788447,1.4762513339327998,-2.1976694996515094,-0.2078186386529912,0.8417986467873222,1.6752364200326517
0.8417986467873222,1.6752364200326517,-2.2410501143445645,0.12080789779177532,0.8311974357045583,1.9114222212462857
0.8311974357045583,1.9114222212462857,-2.3376395997311534,0.4322057631010886,0.821670266521408,2.18840675752951
0.821670266521408,2.18840675752951,-2.482092604148605,0.7275420185454221,0.812897513593392,2.5093702197989125
0.812897513593392,2.5093702197989125,-2.6688633604744254,1.0063333314953367,0.8045848634484966,2.8768898889958887
0.8045848634484966,2.8768898889958887,-2.8915062586984317,1.2667808517437573,0.7964612364137231,3.2927186000401076
0.7964612364137231,3.2927186000401076,-3.141923237253248,1.5059756409754155,0.788281498432334,3.757508487862974
0.788281498432334,3.757508487862974,-3.4095622836390396,1.7199316010669885,0.7798333450194738,4.270457876333577
0.7798333450194738,4.270457876333577,-3.6805880593992213,1.9034089839537414,0.7709474496422464,4.828857580668873
0.7709474496422464,4.828857580668873,-3.9370869726064317,2.0495255095098184,0.7615096423267633,5.4275188288804985
0.7615096423267633,5.4275188288804985,-4.156398922391808,2.1491779742637407,0.751473537586123,6.058076518546053
0.751473537586123,6.058076518546053,-4.310793646893973,2.190424435048324,0.7408716915268948,6.708198326740283
0.7408716915268948,6.708198326740283,-5.477383427263606,4.777161849158076,0.7373705836363672,7.733652854382451
0.7373705836363672,7.733652854382451,-4.713398828727226,3.584824892906129,0.7317277139572618,8.563475226545787
0.7317277139572618,8.563475226545787,-3.9703556244892044,2.5624715318914055,0.7246882934942728,9.216757942183849
0.7246882934942728,9.216757942183849,-3.118185853478901,1.5792471285976275,0.7169935998698664,9.686501240391502
0.7169935998698664,9.686501240391502,-2.082476998536832,0.5528210243879738,0.7093453199991221,9.950031042683982
0.7093453199991221,9.950031042683982,-1.0064006804413121,-0.3889030778488596,0.7023688012076712,10.011780802943226
0.7023688012076712,10.011780802943226,0.47487463633599664,0.2815419712074632,0.7061508842453885,9.992447536430372
0.7061508842453885,9.992447536430372,1.5019281436313212,-0.7813333127603002,0.7097538583997436,9.76412139079121
0.7097538583997436,9.76412139079121,2.2632476810907916,-1.4721524287326864,0.7137093346615341,9.390581379808863
0.7137093346615341,9.390581379808863,2.8141579688898752,-1.8812826510320932,0.7183737112508229,8.921037317816666
0.7183737112508229,8.921037317816666,3.1974635319682867,-2.0812362813674814,0.723954847503827,8.393167336483089
0.723954847503827,8.393167336483089,3.447619680380086,-2.1300647141641753,0.7305426223349065,7.8353988970286625
0.7305426223349065,7.8353988970286625,3.593644996706338,-2.074329947270508,0.7381391975820857,7.268601402630978
0.7381391975820857,7.268601402630978,5.1151488839685815,-0.382642993484462,0.7618017270345063,6.718822214885673
0.7618017270345063,6.718822214885673,4.772420626270566,-0.603641383026058,0.7826456232507288,6.181216013956011
0.7826456232507288,6.181216013956011,4.449432689606071,-0.7269677243104813,0.8012579480772067,5.663575972564355
0.8012579480772067,5.663575972564355,4.149938040728167,-0.7820179865140099,0.8180975483482775,5.170380369840137
0.8180975483482775,5.170380369840137,3.8750127788118283,-0.7896739835435737,0.8335242423246187,4.703911693604597
0.8335242423246187,4.703911693604597,3.624129415593494,-0.7646883715021904,0.8478214475450753,4.265029914895028
0.8478214475450753,4.265029914895028,3.395862839099813,-0.7174405543315298,0.8612135589689167,3.8536995755518944
0.8612135589689167,3.8536995755518944,5.041863847067937,1.2046931750202337,0.8924463440793575,3.4699825083471243
0.8924463440793575,3.4699825083471243,4.364132946994634,0.7832157205496724,0.9181830874170791,3.111890785702628
0.9181830874170791,3.111890785702628,3.9720353995262236,0.6420935132985027,0.9412537319812028,2.7788965970798563
0.9412537319812028,2.7788965970798563,3.674377959651307,0.584823770316338,0.962549740631041,2.4699411781463594
0.962549740631041,2.4699411781463594,3.389664977469865,0.5280800218674082,0.9821384656277274,2.1837826825861137
0.9821384656277274,2.1837826825861137,3.119720583921559,0.47417509723737616,1.000107944033522,1.9192281339176955
1.000107944033522,1.9192281339176955,2.8656164968429683,0.4246837749269962,1.0165594453923719,1.6751348617260984
1.0165594453923719,1.6751348617260984,2.608974340393582,0.36098961558913395,1.0314092651722855,1.4503363892456536
1.0314092651722855,1.4503363892456536,4.532607356267745,2.325437703644614,1.0656994904718473,1.2296194239833405
1.0656994904718473,1.2296194239833405,3.8842837722993666,1.918170048053357,1.0947117595736109,1.0330080515587394
1.0947117595736109,1.0330080515587394,3.3089365587007835,1.547846904434842,1.118995676889289,0.8568990861321453
1.118995676889289,0.8568990861321453,2.765366591194805,1.1828522614498147,1.138736771152512,0.6986476531576462
1.138736771152512,0.6986476531576462,2.287957045571373,0.864551756412361,1.1544993151624308,0.556307124241745
1.1544993151624308,0.556307124241745,1.8797675823204847,0.6000130092345195,1.1668982181202059,0.4283316669331485
1.1668982181202059,0.4283316669331485,1.5327026991900283,0.3835731489961645,1.1764795973611368,0.31341871191376214
1.1764795973611368,0.31341871191376214,1.2393596104607776,0.20940965591787702,1.1837234436930302,0.2104237164594721
1.1837234436930302,0.2104237164594721,0.9929441733682817,0.07179324218905851,1.1890471307708168,0.1183086233415498
1.1890471307708168,0.1183086233415498,3.097797859010935,2.0745626432621944,1.2149089332821825,0.01598510176667574
1.2149089332821825,0.01598510176667574,2.3588437200002224,1.524803907986588,1.2343271714221167,-0.06741887943468769
1.2343271714221167,-0.06741887943468769,1.727808508735694,1.0354566223258814,1.2481434970774246,-0.13665406807566893
1.2481434970774246,-0.13665406807566893,1.2166338116498914,0.6331111767401043,1.2573922220193745,-0.19500633156664765
1.2573922220193745,-0.19500633156664765,0.8045514156957466,0.3064673975887449,1.262947316085797,-0.24481473337734783
1.262947316085797,-0.24481473337734783,0.47441005996321345,0.04454994425214621,1.2655421161068736,-0.28780074494845453
1.2655421161068736,-0.28780074494845453,0.21190372012614722,-0.1628638116472393,1.265787315649268,-0.3252774981257932
1.265787315649268,-0.3252774981257932,0.005022413407841416,-0.32503198875885647,1.264187267772513,-0.358282938342463
1.264187267772513,-0.358282938342463,-0.1563511176530422,-0.4501697498498366,1.2611546634349986,-0.38766480156214245
1.2611546634349986,-0.38766480156214245,2.0302612005988143,1.5483037391672354,1.279047488133829,-0.43586054770530036
1.279047488133829,-0.43586054770530036,1.3360238530695567,0.9800736455903342,1.2906279756271284,-0.4714555684532226
1.2906279756271284,-0.4714555684532226,0.7777607192791873,0.5015329112421201,1.297024443779735,-0.49907834925692934
1.297024443779735,-0.49907834925692934,0.3308745128687973,0.1035757546067067,1.2991966951171123,-0.5218082250831384
1.2991966951171123,-0.5218082250831384,-0.024483827330608988,-0.22356961797112682,1.2979564278906037,-0.5417168041471901
1.2979564278906037,-0.5417168041471901,-0.3045536582505501,-0.4895579471381758,1.2939858698636602,-0.5602172330359527
1.2939858698636602,-0.5602172330359527,-0.5227424188523555,-0.7034958749994751,1.287854678394401,-0.5782925786506646
1.287854678394401,-0.5782925786506646,-0.6901157658482366,-0.8737992270860572,1.2800351034297295,-0.5966609247744467
1.2800351034297295,-0.5966609247744467,-0.8158742648457238,-1.0080247965073175,1.2709156081229642,-0.615875977940606
1.2709156081229642,-0.615875977940606,-0.9077303545332763,-1.1127465674882848,1.2608132235128564,-0.6363775992361068
1.2608132235128564,-0.6363775992361068,-0.9720717329289327,-1.1936823946413766,1.2499844528750048,-0.6585386654073512
1.2499844528750048,-0.6585386654073512,-1.0141801840243154,-1.255738366424031,1.238634860122763,-0.6826944836473228
1.238634860122763,-0.6826944836473228,-1.0383931910496675,-1.3030894162787783,1.226927447086121,-0.7091641061702338
1.226927447086121,-0.7091641061702338,1.1197250935137089,0.5045963392946351,1.2350490542501626,-0.7706769815921413
1.2350490542501626,-0.7706769815921413,0.5415825778258857,0.0343468592055117,1.2379287014353197,-0.8214005534541786
1.2379287014353197,-0.8214005534541786,0.08769687991699665,-0.370804587705866,1.2365131628963755,-0.8672507002164649
1.2365131628963755,-0.8672507002164649,-0.2654850961438021,-0.7143814632831853,1.2316138300992405,-0.9121403369304032
1.2316138300992405,-0.9121403369304032,-0.5363431465731366,-1.0018800970942958,1.2239227138809035,-0.9586940319825191
1.2239227138809035,-0.9586940319825191,-0.7395039728479011,-1.2396287908040318,1.2140270500626438,-1.0087065137781321
1.2140270500626438,-1.0087065137781321,-0.8868049719405391,-1.434093778659799,1.202422556309642,-1.063435394450058
1.202422556309642,-1.063435394450058,-0.9879613706840853,-1.5914694601616486,1.1895254021554134,-1.1237862033978143
1.1895254021554134,-1.1237862033978143,-1.0789527079253551,-1.7450497982691962,1.1754053896244405,-1.1903959124321983
1.1754053896244405,-1.1903959124321983,-1.1416530892364947,-1.8750548570389824,1.1603218498930632,-1.2637360892124472
1.1603218498930632,-1.2637360892124472,-1.173478779314855,-1.9775502389900164,1.1445667048015389,-1.3441432351799634
1.1445667048015389,-1.3441432351799634,-1.1793529360198722,-2.0561995389157723,1.1283889424268607,-1.4318278954695534
1.1283889424268607,-1.4318278954695534,-1.163767550946486,-2.1141805044650863,1.1119992021498029,-1.5268691908214134
1.1119992021498029,-1.5268691908214134,-1.130891108949554,-2.1541015512011104,1.0955742388490495,-1.629190235046569
1.0955742388490495,-1.629190235046569,-1.0929522638400424,-2.1859548548324543,1.079179703255687,-1.7384904941458101
1.079179703255687,-1.7384904941458101,-1.0662401794531726,-2.222817132301687,1.0627344166969126,-1.8541481894306615
1.0627344166969126,-1.8541481894306615,-1.0282565595573934,-2.2385026109750448,1.0464006208442505,-1.9751727945724267
1.0464006208442505,-1.9751727945724267,-0.984276894375422,-2.2323998753437646,1.0303172369956546,-2.099985092669261
1.0303172369956546,-2.099985092669261,-0.9409706843282664,-2.2019291484503047,1.0146027378317617,-2.2260809390814646
1.0146027378317617,-2.2260809390814646,-0.9063699572216407,-2.1426003069117496,0.9993578865110947,-2.3497039740504757
0.9993578865110947,-2.3497039740504757,-0.8943240190224772,-2.045172278856503,0.9846604050216998,-2.4647888000338782
0.9846604050216998,-2.4647888000338782,-0.9321439814423942,-1.9172456362428467,0.9704134569332736,-2.5632989655139236
0.9704134569332736,-2.5632989655139236,-0.9613156629666987,-1.7777549054726243,0.956718104091077,-2.644942889764516
0.956718104091077,-2.644942889764516,-0.9571517857166413,-1.6543205979446116,0.9436607421727707,-2.7146597709873133
0.9436607421727707,-2.7146597709873133,-0.9345672187995531,-1.5348609335961756,0.9313136014107921,-2.7746891424669755
0.9313136014107921,-2.7746891424669755,-0.8980318928085116,-1.4175930636899021,0.9197354766283,-2.8266452595551144
0.9197354766283,-2.8266452595551144,-0.8527969799028334,-1.2997757413909932,0.9089726130218309,-2.8713431357039303
0.9089726130218309,-2.8713431357039303,-0.8017156401646351,-1.1808697397944865,0.8990596861220352,-2.9092585456669156
0.8990596861220352,-2.9092585456669156,-0.7381393831385487,-1.0519499059990265,0.8901092396763474,-2.940639597952963
0.8901092396763474,-2.940639597952963,-0.597911849531176,-0.8494397181306981,0.882872481838038,-2.9657923848129153
0.882872481838038,-2.9657923848129153,-0.4884126497249421,-0.6783363890527155,0.8770387366441498,-2.984784758745693
0.8770387366441498,-2.984784758745693,-0.4031856352704242,-0.5319787798978106,0.8723629145683086,-2.9976640732084316
0.8723629145683086,-2.9976640732084316,-0.33697418839099436,-0.40510325296486077,0.8686525273615293,-3.004476979665818
0.8686525273615293,-3.004476979665818,-0.2855032132025839,-0.2935825071149582,0.8657570987599416,-3.0052849090570555
0.8657570987599416,-3.0052849090570555,-0.24530866979730973,-0.19420275241628956,0.8635595416488736,-3.0001743173189537
0.8635595416488736,-3.0001743173189537,1.7599581862654703,1.1027908310136239,0.8778732867352691,-3.0658910528441385
0.8778732867352691,-3.0658910528441385,1.166727066524948,0.9308573779814836,0.8883612089578012,-3.089478021698485
0.8883612089578012,-3.089478021698485,0.7321866837025843,0.7755094375137336,0.8958996895638829,-3.08514574631737
0.8958996895638829,-3.08514574631737,0.41416447020284164,0.645578685844305,0.9011984053441187,-3.0620043247532234
0.9011984053441187,-3.0620043247532234,0.19410989566562628,0.5547111664643374,0.9049425106547685,-3.0259441976733523
0.9049425106547685,-3.0259441976733523,0.06010305331626324,0.5112822092482098,0.9077994369675909,-2.980826282080158
0.9077994369675909,-2.980826282080158,-0.04223656738366322,0.4746840600242147,0.9099616744307937,-2.92913421933937
0.9099616744307937,-2.92913421933937,-0.11841936820182013,0.447617003415404,0.9116076626068615,-2.8725305821776477
0.9116076626068615,-2.8725305821776477,-0.17258598271702913,0.4311057991550711,0.9129002616890518,-2.8121614039904377
0.9129002616890518,-2.8121614039904377,-0.20800660670455404,0.42511509103010964,0.9139858041106795,-2.7488492342169715
0.9139858041106795,-2.7488492342169715,-0.22738872588305845,0.42895689471258414,0.9149936449548272,-2.683214672157407
0.9149936449548272,-2.683214672157407,-0.23306383910277323,0.4415618739208472,0.9160361351289176,-2.615752100855045
0.9160361351289176,-2.615752100855045,-0.22709839943729238,0.4616606749973947,0.9172089465067181,-2.5468761934115762
0.9172089465067181,-2.5468761934115762,-0.21135789834405885,0.4879052875824719,0.9185916834529102,-2.4769498748189234
0.9185916834529102,-2.4769498748189234,-0.18754254369892054,0.5189499478227644,0.9202487204735295,-2.4063006256667547
0.9202487204735295,-2.4063006256667547,-0.1572062449804901,0.5535043936293598,0.9222302112167738,-2.33522956180577
0.9222302112167738,-2.33522956180577,-0.12176627960772615,0.590367966815898,0.9245732196528147,-2.2640161371634075
0.9245732196528147,-2.2640161371634075,1.9546349016790674,2.224204244766316,0.9454674153850416,-2.2370592028546827
0.9454674153850416,-2.2370592028546827,1.5643999841262368,2.043027033770471,0.9635045504745252,-2.189196497890259
0.9635045504745252,-2.189196497890259,1.2442329547207047,1.846241201995809,0.9789569212581077,-2.128995673162749
0.9789569212581077,-2.128995673162749,0.9789761371703255,1.6497027704743505,0.9921003157963311,-2.061923009832346
0.9921003157963311,-2.061923009832346,0.7584067138943607,1.4631190089928545,1.003207944410767,-1.991451780322497
1.003207944410767,-1.991451780322497,0.5714657588601842,1.288333706627713,1.0125069417382067,-1.9197649855457442
1.0125069417382067,-1.9197649855457442,0.4101308173840251,1.1255915106422312,1.020185553378338,-1.8482189162199236
1.020185553378338,-1.8482189162199236,0.2810131851380019,0.9864823951531649,1.0265230312797937,-1.7776719952184072
1.0265230312797937,-1.7776719952184072,0.17982910426648224,0.8701166389721238,1.0317727599959867,-1.708643241747843
1.0317727599959867,-1.708643241747843,0.10288446579020216,0.7749498039504602,1.03616193134469,-1.6414367079318173
1.03616193134469,-1.6414367079318173,0.04690811558606639,0.6990630874112034,1.0398917873596762,-1.5762212107493037
1.0398917873596762,-1.5762212107493037,2.1473453321364078,2.4809086972250554,1.0630330575064835,-1.542864874240439
1.0630330575064835,-1.542864874240439,1.6662962450763543,2.125346158447459,1.0819912695241025,-1.4969598829033284
1.0819912695241025,-1.4969598829033284,1.2663433197266314,1.7929422226024174,1.0972876972357477,-1.4442999926157498
1.0972876972357477,-1.4442999926157498,0.9340001226858432,1.4917966001237255,1.1094166808497956,-1.3885203448719616
1.1094166808497956,-1.3885203448719616,0.6418332060412504,1.2085513711913627,1.1186686037359588,-1.3318485283569503
1.1186686037359588,-1.3318485283569503,0.4030908033841347,0.9650182395092216,1.1255091489504256,-1.2756557847444416
1.1255091489504256,-1.2756557847444416,0.2149908450941389,0.7640066575186044,1.1304041364634894,-1.2207542035019951
1.1304041364634894,-1.2207542035019951,0.06988952981117143,0.6014541271682012,1.1337608547483862,-1.167597743766292
1.1337608547483862,-1.167597743766292,-0.03879957102099014,0.473010163983178,1.135931907713197,-1.1164167702658754
1.135931907713197,-1.1164167702658754,2.1014795502333765,2.3792710960054464,1.158335660944391,-1.0886376156886683
1.158335660944391,-1.0886376156886683,1.5437322459099532,1.908084310438297,1.1755947437261323,-1.052202409235834
1.1755947437261323,-1.052202409235834,1.0870725854328822,1.4956449244398264,1.1885083312754958,-1.0113451753351395
1.1885083312754958,-1.0113451753351395,0.715431811681374,1.14194651726279,1.1977952229202167,-0.9686937047769979
1.1977952229202167,-0.9686937047769979,0.4158727464169619,0.8443253023559316,1.204096213164081,-0.9258484491831009
1.204096213164081,-0.9258484491831009,0.16679996741837005,0.5877880250549882,1.2078691531264478,-0.8837496434194392
1.2078691531264478,-0.8837496434194392,-0.02681498155060018,0.38137385865780776,1.209641947511984,-0.8429307593985984
1.209641947511984,-0.8429307593985984,-0.16891217107254214,0.22370444608786572,1.2099159088870606,-0.8036690976825577
1.2099159088870606,-0.8036690976825577,-0.2691361583761257,0.10673332959607369,1.2091038947431603,-0.7660821488853378
1.2091038947431603,-0.7660821488853378,1.9404637427603033,2.1521152984161014,1.2295667899490423,-0.7449169933197579
1.2295667899490423,-0.7449169933197579,1.3293835535111433,1.6002613689605554,1.2442150145614008,-0.7178292117748167
1.2442150145614008,-0.7178292117748167,0.8435521030458953,1.143978553140624,1.2541526678423334,-0.6877865667653439
1.2541526678423334,-0.6877865667653439,0.4608271877520388,0.7725113174931615,1.2603193603685594,-0.6566181537912317
1.2603193603685594,-0.6566181537912317,0.16306619981058015,0.4749871274824535,1.2635096270050246,-0.6254260610240443
1.2635096270050246,-0.6254260610240443,-0.06476929105172079,0.24098122630494961,1.2643906866812906,-0.5948510092883773
1.2643906866812906,-0.5948510092883773,-0.23524730179413514,0.060828226498380975,1.263518591304812,-0.5652434564591257
1.263518591304812,-0.5652434564591257,-0.3589263950352438,-0.07422688494758216,1.2613528249048978,-0.5367735054503595
1.2613528249048978,-0.5367735054503595,-0.44470109010147213,-0.17197820540352776,1.2582694284273728,-0.509501216980565
1.2582694284273728,-0.509501216980565,1.8026361054327527,1.9697801699942827,1.277131509804508,-0.49278681052441203
1.277131509804508,-0.49278681052441203,1.1956349892183196,1.4010191594565724,1.2901147805478823,-0.4722483935005867
1.2901147805478823,-0.4722483935005867,0.7095674024165758,0.9337480232490709,1.2983313576762106,-0.4498303314173372
1.2983313576762106,-0.4498303314173372,0.32408915187518206,0.5551709828154535,1.3027276583496636,-0.42672214832331007
1.3027276583496636,-0.42672214832331007,0.012132888562361126,0.24304318947361678,1.3040035387398434,-0.4036311182321845
1.3040035387398434,-0.4036311182321845,-0.22277901333041344,0.0039195066062833635,1.3029092412062229,-0.38096126623851484
1.3029092412062229,-0.38096126623851484,-0.39113145633377316,-0.17079024052149636,1.3000996327219465,-0.35892714465728714
1.3000996327219465,-0.35892714465728714,-0.5079234382824321,-0.29491403625851337,1.2960854453492419,-0.3376262044548953
1.2960854453492419,-0.3376262044548953,-0.5995175970028529,-0.3940929836361342,1.2911173924460468,-0.3170837431182234
1.2911173924460468,-0.3170837431182234,-0.6607967079441142,-0.4627973693303959,1.2854994220596743,-0.2972838092568516
1.2854994220596743,-0.2972838092568516,1.5905154362981557,1.740304710657367,1.3021535227944518,-0.2823048818209305
1.3021535227944518,-0.2823048818209305,0.9945417405887211,1.1618658979558547,1.3129355609871747,-0.26557246608421714
1.3129355609871747,-0.26557246608421714,0.4821610515664533,0.6576847267040777,1.3186347898785273,-0.2480200985704547
1.3186347898785273,-0.2480200985704547,0.0933362924220472,0.2714331173703527,1.3204586369274893,-0.23021041607562415
1.3204586369274893,-0.23021041607562415,-0.1979997829419707,-0.020601044521234655,1.3193656327901733,-0.21247054223355055
1.3193656327901733,-0.21247054223355055,-0.41273687891946287,-0.23782624920929543,1.3161128171495295,-0.1949794792625338
1.3161128171495295,-0.1949794792625338,-0.5676100647834248,-0.39605840812641196,1.3112944747849804,-0.17782431359683254
1.3112944747849804,-0.17782431359683254,-0.6760129574244128,-0.5081315525899703,1.3053737522349085,-0.1610361731133883
1.3053737522349085,-0.1610361731133883,-0.748647599003651,-0.5844165051446943,1.2987084317141668,-0.14461306372749264
1.2987084317141668,-0.14461306372749264,-0.7988029433751095,-0.6380132316499552,1.2915243508390415,-0.1285340925549772
1.2915243508390415,-0.1285340925549772,-0.8488626295535315,-0.6912029597939602,1.2838240228923041,-0.11276812557902005
1.2838240228923041,-0.11276812557902005,1.3361771602505008,1.5047390753590224,1.2980286040703517,-0.09591193406816789
1.2980286040703517,-0.09591193406816789,0.7713699751983605,0.9349462186898798,1.306560185039793,-0.07955430971901596
1.306560185039793,-0.07955430971901596,0.28729109531797414,0.44690767339394943,1.3102311788833525,-0.06359265191141843
1.3102311788833525,-0.06359265191141843,-0.09079226910477498,0.06571475265651856,1.3101057913011112,-0.04794194973528908
1.3101057913011112,-0.04794194973528908,-0.3768133926795464,-0.22270042037262025,1.3071082222358503,-0.03253065250459646
1.3071082222358503,-0.03253065250459646,-0.5900407366572475,-0.43771183593235474,1.3019694593729023,-0.017297762432107178
1.3019694593729023,-0.017297762432107178,-0.7460454788532461,-0.5949757058142917,1.2952643534495647,-0.0021907851282117335
1.2952643534495647,-0.0021907851282117335,-0.8748173039235178,-0.7245545940007234,1.2872674939599436,0.012835485864067698
1.2872674939599436,0.012835485864067698,-0.9760878401763902,-0.8262439138052218,1.2782558351900355,0.027819878501184538
1.2782558351900355,0.027819878501184538,-1.0473357044519376,-0.8975751536153678,1.268531280899699,0.04279593358484152
1.268531280899699,0.04279593358484152,-1.0944317592430677,-0.9444619700459606,1.2583368122532537,0.05779291250455223
1.2583368122532537,0.05779291250455223,-1.122372875523577,-0.9719350202000815,1.2478652727746353,0.07283669803690176
1.2478652727746353,0.07283669803690176,0.930435297555724,1.156556296119966,1.2583002307430138,0.09544879789332597
1.2583002307430138,0.09544879789332597,0.4161142397684884,0.611521579064154,1.263438409837177,0.11498953182289254
1.263438409837177,0.11498953182289254,-0.006349894785199849,0.17079890079868634,1.2642606548672444,0.13270441138128117
1.2642606548672444,0.13270441138128117,-0.34917350283034904,-0.18224770021330955,1.261603548852026,0.14939699164298512
1.261603548852026,0.14939699164298512,-0.623666352614849,-0.46178093440383905,1.2561763124169327,0.1655855334640861
1.2561763124169327,0.1655855334640861,-0.840095285308062,-0.6799088864922289,1.2485762915579313,0.18160417334566942
1.2485762915579313,0.18160417334566942,-1.0076440215264049,-0.8470021997227911,1.2393030604516853,0.1976683555260308
1.2393030604516853,0.1976683555260308,-1.134431825316233,-0.971943017155969,1.2287711862393242,0.2139172363420572
1.2287711862393242,0.2139172363420572,-1.2275668807886404,-1.062326872035449,1.2173217174752038,0.23044123721737633
1.2173217174752038,0.23044123721737633,-1.2932187761624332,-1.1246310825740047,1.2052324681815216,0.2473000065762192
1.2052324681815216,0.2473000065762192,-1.3367000619445426,-1.1643583712471477,1.192727176015563,0.2645341756459587
1.192727176015563,0.2645341756459587,-1.3817568269420935,-1.2054124697971949,1.1797913295318667,0.2821686113604486
1.1797913295318667,0.2821686113604486,-1.4232539665464572,-1.242736382808671,1.1664613777850912,0.30022036973422717
1.1664613777850912,0.30022036973422717,-1.4476247491063892,-1.2627813042806637,1.152909347518156,0.3187047142167997
1.152909347518156,0.3187047142167997,-1.4581669996973228,-1.2688575694423143,1.1392742246724579,0.33763565724230055
1.1392742246724579,0.33763565724230055,0.33251849123325294,0.6849865047078397,1.1443617496521634,0.3728824585897592
1.1443617496521634,0.3728824585897592,-0.05109572988522729,0.23748914806446692,1.1452937167430597,0.4017409463847286
1.1452937167430597,0.4017409463847286,-0.3841841153282118,-0.1320928942237911,1.1427123316952996,0.4269500684951707
1.1427123316952996,0.4269500684951707,-0.6682089012967347,-0.43509955583018467,1.137195789409665,0.4502610030418257
1.137195789409665,0.4502610030418257,-0.9061960845058307,-0.6808985803332369,1.1292603160854695,0.47279075345908506
1.1292603160854695,0.47279075345908506,-1.1020290872182177,-0.8774358446211356,1.1193629914262728,0.49525007771879326
1.1193629914262728,0.49525007771879326,-1.2599874530660196,-1.0315824097763686,1.107905142112061,0.5180905820477584
1.107905142112061,0.5180905820477584,-1.3844474702829022,-1.1493552434111627,1.0952361285435905,0.5415998047349323
1.0952361285435905,0.5415998047349323,-1.4883852981065826,-1.2448121986667642,1.0815701410597238,0.5659571146789142
1.0815701410597238,0.5659571146789142,-1.581501551948092,-1.3283531555606498,1.0670208675221802,0.5912719543176584
1.0670208675221802,0.5912719543176584,-1.6496106072586465,-1.386096168252099,1.0518423336446265,0.6176233982183132
1.0518423336446265,0.6176233982183132,-1.6960500735479593,-1.4215883658951045,1.0362541414474111,0.6450695689835987
1.0362541414474111,0.6450695689835987,-1.7239768590276188,-1.438075112578379,1.020443881589381,0.6736597436285227
1.020443881589381,0.6736597436285227,-1.7363290038942387,-1.4385011243734585,1.0045697309480426,0.7034425315806007
1.0045697309480426,0.7034425315806007,-1.7358024493018924,-1.4255133251750756,0.9887631520756578,0.7344714439932823
0.9887631520756578,0.7344714439932823,-1.7382506403623639,-1.4150269578341186,0.9729967640846754,0.7667938122461069
0.9729967640846754,0.7667938122461069,-1.7351396614783077,-1.3983498807752384,0.9573293163734077,0.8004727903164138
0.9573293163734077,0.8004727903164138,-1.722067946438133,-1.370908177234731,0.9418644357550433,0.835588767236754
0.9418644357550433,0.835588767236754,-1.7010126045383163,-1.3345487143536763,0.9266866291605833,0.872235156255218
0.9266866291605833,0.872235156255218,-1.6738656686660423,-1.2908062382766317,0.9118632696258699,0.910541099294159
0.9118632696258699,0.910541099294159,-1.6423396870316123,-1.2410219073800053,0.8974464616538118,0.9506728772593197
0.8974464616538118,0.9506728772593197,-1.5840367544044596,-1.1623997401244373,0.8837142791811673,0.9928365786873219
0.8837142791811673,0.9928365786873219,-1.424362626035769,-0.9791108627256737,0.8716969117373601,1.0373617550183314
0.8716969117373601,1.0373617550183314,-1.304154708743603,-0.8324730588068728,0.8610137728996077,1.0845299200120044
0.8610137728996077,1.0845299200120044,-1.2156160200860933,-0.7144394276833547,0.8513634956607604,1.1346475792522783
0.8513634956607604,1.1346475792522783,-1.1523959957348904,-0.6185138381627701,0.8425089464912721,1.1880357950094904
0.8425089464912721,1.1880357950094904,-1.1093285273810929,-0.5394755625069647,0.8342649260418318,1.2450210914969033
0.8342649260418318,1.2450210914969033,-1.0822117534182851,-0.4731565675250229,0.8264880844371152,1.3059266100862295
0.8264880844371152,1.3059266100862295,-1.0676245738443153,-0.4162597260075425,0.8190686629378559,1.3710630948699067
0.8190686629378559,1.3710630948699067,-1.0627735299021068,-0.36621033823594173,0.8119237435971656,1.4407194140365234
0.8119237435971656,1.4407194140365234,-1.0653651909664474,-0.3210342939723413,0.8049917461724716,1.515152503735934
0.8049917461724716,1.515152503735934,-1.0734996148080647,-0.2792577780846342,0.7982279592080082,1.594576687408277
0.7982279592080082,1.594576687408277,-1.0855811787637217,-0.23982440601567134,0.7916009312841112,1.679152364683082
0.7916009312841112,1.679152364683082,-1.1002435611567623,-0.2020266219595368,0.7850895803685297,1.7689740586028044
0.7850895803685297,1.7689740586028044,-1.1162860881479981,-0.16544898358383964,0.7786809050098705,1.8640577690592204
0.7786809050098705,1.8640577690592204,-1.1326188864964162,-0.1299217799345625,0.7723682016777156,1.9643274797154058
0.7723682016777156,1.9643274797154058,-1.1482144776821992,-0.09548413946856572,0.7661497085919617,2.069600513536769
0.7661497085919617,2.069600513536769,-1.1620629756026908,-0.062357039007484225,0.7600276085189108,2.1795711071962898
0.7600276085189108,2.1795711071962898,-1.173128378179779,-0.030926985512176944,0.7540073317004511,2.29379124646305
0.7540073317004511,2.29379124646305,-1.1803000214520247,-0.0017451576029768948,0.7480971058051761,2.411646732847955
0.7480971058051761,2.411646732847955,-1.1823378970516332,0.024457301975536683,0.7423077028297956,2.532326252750672
0.7423077028297956,2.532326252750672,-1.1777893822467331,0.04671551972283976,0.7366523335171762,2.654776742947629
0.7366523335171762,2.654776742947629,-1.1648997162023265,0.06376064660691484,0.7311466381691991,2.7776427792285534
0.7311466381691991,2.7776427792285534,-1.1413925274556609,0.07380864506315628,0.7258087187572366,2.8991628964804352
0.7258087187572366,2.8991628964804352,-1.10436584503517,0.07445216423851496,0.7206591503532533,3.017044697407804
0.7206591503532533,3.017044697407804,-1.0494726757016377,0.061822627476215385,0.7157209001121262,3.128174227725589
0.7157209001121262,3.128174227725589,-0.9714345722276823,0.03106763615128284,0.7110190654317442,3.2284244485634854
0.7110190654317442,3.2284244485634854,-0.8608064512489638,-0.02694212292051643,0.7065803225608968,3.31181088139633
0.7065803225608968,3.31181088139633,-0.741696829828456,-0.0879748130728002,0.7024319643463904,3.3771830830718956
0.7024319643463904,3.3771830830718956,-0.6382820573764245,-0.1279730477536712,0.69860068882074,3.428213984034171
0.69860068882074,3.428213984034171,-0.5425882210023254,-0.15523220050727018,0.6951115867131921,3.4669495860836763
0.6951115867131921,3.4669495860836763,-0.4516252383067981,-0.1731948072407688,0.6919874864854543,3.4947926291902793
0.6919874864854543,3.4947926291902793,0.4484356044487887,1.4236585513263114,0.7013479572643297,3.5923149238780314
0.7013479572643297,3.5923149238780314,0.39097271651780424,0.9058090684162838,0.7078318661890002,3.6437985590678794
0.7078318661890002,3.6437985590678794,0.3326639092459667,0.5309221820371304,0.7121497966454157,3.6636243863469957
0.7121497966454157,3.6636243863469957,0.28578664181493074,0.25958502012973766,0.714876654955139,3.6610042241784764
0.714876654955139,3.6610042241784764,0.255431152114875,0.06425774838555492,0.7164750994576411,3.6418868838055443
0.7164750994576411,3.6418868838055443,0.24259122982520684,-0.0745708002955814,0.7173152016052893,3.6101706807934653
0.7173152016052893,3.6101706807934653,0.2460532171818992,-0.17091968860823153,0.7176908692481576,3.5684733902144523
0.7176908692481576,3.5684733902144523,0.26354081298704646,-0.23501110954110888,0.7178335177653873,3.518618197961637
0.7178335177653873,3.518618197961637,0.2923892566060826,-0.27440851870577543,0.7179234214548889,3.4619384204304513
0.7179234214548889,3.4619384204304513,0.32992894016484076,-0.29478886985930736,0.7180991218064166,3.3994666394280366
0.7180991218064166,3.3994666394280366,0.373689963050695,-0.30047127334420615,0.718465215254949,3.3320505157885467
0.718465215254949,3.3320505157885467,1.4966545560282154,1.342108561747195,0.732659030843826,3.316595916360445
0.732659030843826,3.316595916360445,1.3154671785254806,0.8623046868161525,0.7435478901705341,3.271279667189512
0.7435478901705341,3.271279667189512,1.1605492712778063,0.516330372580969,0.7519322883898281,3.2068577773198284
0.7519322883898281,3.2068577773198284,1.0348410703719588,0.269252076762586,0.7584527541255008,3.130298877958891
0.7584527541255008,3.130298877958891,0.9373806360713438,0.09590840950331743,0.7636191993533742,3.0461516553020886
0.7636191993533742,3.0461516553020886,0.8652657810479996,-0.022073066805014908,0.7678351629245891,2.9574177705167872
0.7678351629245891,2.9574177705167872,0.8148100693147972,-0.09828446151181817,0.771417790963604,2.8661083174341258
0.771417790963604,2.8661083174341258,0.7821993704725925,-0.14290367325681824,0.7746142694496828,2.773598013061185
0.7746142694496828,2.773598013061185,0.7638428527234248,-0.1636343271200465,0.7776153120776997,2.6808502950768376
0.7776153120776997,2.6808502950768376,0.7565403591424673,-0.166360918144559,0.7805662092826893,2.588560167348135
0.7805662092826893,2.588560167348135,2.102117734423208,1.5843479473286362,0.7989985376914485,2.536783188638678
0.7989985376914485,2.536783188638678,1.7859692200337942,1.0968838653376851,0.8134128031183059,2.467874653169067
0.8134128031183059,2.467874653169067,1.5260061973865817,0.7400626419487228,0.8247431473149824,2.389280297625281
0.8247431473149824,2.389280297625281,1.316990982848654,0.48180951231356367,0.8337371497907935,2.305762150571772
0.8337371497907935,2.305762150571772,1.1523497566028986,0.29833941039900097,0.840990595625803,2.2203611159513823
0.840990595625803,2.2203611159513823,1.0252729144704473,0.1718041934696441,0.8469759811655034,2.135014243851302
0.8469759811655034,2.135014243851302,0.9293079258708706,0.08866868950618662,0.8520658642423887,2.0509503202148336
0.8520658642423887,2.0509503202148336,0.8586462262608856,0.038575237453243975,0.8565519715609594,1.9689432213340694
0.8565519715609594,1.9689432213340694,0.8082302650250316,0.013538673040449995,0.8606608162512869,1.8894740621356112
0.8606608162512869,1.8894740621356112,0.77375885078655,0.00736722826619044,0.8645664466465506,1.8128348998835753
0.8645664466465506,1.8128348998835753,0.7516386077025539,0.015239783283354498,0.8684008386014801,1.7391950174416553
0.8684008386014801,1.7391950174416553,2.3430013796177276,1.9241028900635628,0.8897363599498865,1.6973051684862388
0.8897363599498865,1.6973051684862388,1.928332310917964,1.4066824378002682,0.9064114336934777,1.6451401811744693
0.9064114336934777,1.6451401811744693,1.6534373507832372,1.0814926072312214,0.9200860834835499,1.5879457068192677
0.9200860834835499,1.5879457068192677,1.4977771847289176,0.908876522580231,0.9321193520200957,1.5290556406043991
0.9321193520200957,1.5290556406043991,1.3519892875035446,0.7660561144750152,0.9427095790299884,1.4704623233015461
0.9427095790299884,1.4704623233015461,1.2192975389042642,0.6484230777924205,0.9520481821134719,1.4133748771903618
0.9520481821134719,1.4133748771903618,1.101261168105819,0.5525186422989806,0.9603170811654959,1.358500624609678
0.9603170811654959,1.358500624609678,0.9983375021833624,0.47559404671030214,0.9676867389099642,1.306226279062372
0.9676867389099642,1.306226279062372,0.9102595936638793,0.4153433951283226,0.9743147538539252,1.2567346592088162
0.9743147538539252,1.2567346592088162,0.8362925062589032,0.3697448677651696,0.9803449407240455,1.210079895359443
0.9803449407240455,1.210079895359443,0.7754093605292314,0.3369693401827123,0.9859068342276053,1.166235893324791
0.9859068342276053,1.166235893324791,0.7264137031707524,0.31533029417859837,0.991115554214352,1.1251275524255755
0.991115554214352,1.1251275524255755,2.5181111764393793,2.3686168536877363,1.0155491943649877,1.1101781201504113
1.0155491943649877,1.1101781201504113,2.1719591634716435,1.9381779213987755,1.0360998797893397,1.0867999959431245
1.0360998797893397,1.0867999959431245,1.8396083936828114,1.5627460814638612,1.053111652165073,1.0591137647212294
1.053111652165073,1.0591137647212294,1.5397288519558323,1.245517729245543,1.0670378850710798,1.0296926524502006
1.0670378850710798,1.0296926524502006,1.27479235951219,0.978898295267299,1.0783063383449771,1.0001032460257115
1.0783063383449771,1.0001032460257115,1.0451019062461946,0.7567575432049315,1.0873156355922327,0.9712688097215852
1.0873156355922327,0.9712688097215852,0.8495549355060047,0.5739045346081308,1.0944329329428033,0.9437037696317978
1.0944329329428033,0.9437037696317978,0.6861613043839503,0.4257741929298284,1.0999926104293722,0.9176650584863856
1.0999926104293722,0.9176650584863856,0.5523981943215488,0.30824506492098713,1.104295826725585,0.8932497455463294
1.104295826725585,0.8932497455463294,0.4376266105878614,0.20964074977290678,1.1075321635273887,0.870451159464834
1.1075321635273887,0.870451159464834,2.330108630248042,2.340035733116265,1.1308828853442103,0.8714438697516563
1.1308828853442103,0.8714438697516563,1.8728703218666218,1.7918659690202736,1.1492065667986449,0.8633434344670216
1.1492065667986449,0.8633434344670216,1.4725528930596756,1.3409988231868708,1.1632743253798776,0.8501880274797411
1.1632743253798776,0.8501880274797411,1.1291922650584914,0.9722261443630132,1.1737814174269852,0.8344914154101932
1.1737814174269852,0.8344914154101932,0.840275171981285,0.6732842439781878,1.1813492145067825,0.8177923226098835
1.1813492145067825,0.8177923226098835,0.6018148387593769,0.4339780398298121,1.1865281788997284,0.8010086427169271
1.1865281788997284,0.8010086427169271,0.40905552394348405,0.2456259815413076,1.1898015864271523,0.7846656884767094
1.1898015864271523,0.7846656884767094,0.25693220419583795,0.1007062721198708,1.1915897788087308,0.7690430952691126
1.1915897788087308,0.7690430952691126,0.1403677776885813,-0.007371530336878227,1.1922547600454894,0.7542691644665667
1.1922547600454894,0.7542691644665667,2.1431976549310305,2.220560797833855,1.2140735523093138,0.7620054787568491
1.2140735523093138,0.7620054787568491,1.626543487917749,1.6080320771729912,1.2302464301347675,0.7601543376823733
1.2302464301347675,0.7601543376823733,1.1752515331522804,1.1014707016939767,1.241630041308999,0.752776254536543
1.241630041308999,0.752776254536543,0.8067891241185615,0.7032068572367316,1.2491800212157753,0.74241802784836
1.2491800212157753,0.74241802784836,0.511392817845391,0.39373316079326975,1.2537056511089686,0.7306520621431478
1.2537056511089686,0.7306520621431478,0.27931114300294657,0.1570927680191151,1.255887670664079,0.7184302246447647
1.255887670664079,0.7184302246447647,0.10127434751840465,-0.01991088529917901,1.256294487975175,0.7063117013630064
1.256294487975175,0.7063117013630064,-0.031253068379374575,-0.14827551245687742,1.2553968450709938,0.6946094569552561
1.2553968450709938,0.6946094569552561,-0.12595661790808563,-0.23720998591582498,1.2535810120518742,0.6834841201544821
1.2535810120518742,0.6834841201544821,1.9826686564659926,2.088551304985387,1.2739371118591312,0.6940723850064215
1.2739371118591312,0.6940723850064215,1.4430987882783668,1.4526366346439699,1.2884157889737429,0.6950261696429818
1.2884157889737429,0.6950261696429818,0.9953823653263034,0.9489963959816986,1.2981376827802829,0.6903875727085214
1.2981376827802829,0.6903875727085214,0.6304065585099212,0.5534704656862895,1.304057067901264,0.6826939634261582
1.304057067901264,0.6826939634261582,0.32339192451653165,0.23160653277276588,1.3068320601877104,0.6735154242517816
1.3068320601877104,0.6735154242517816,0.0878582759598514,-0.009210502647492475,1.307225299054272,0.6638085463910471
1.307225299054272,0.6638085463910471,-0.08322887905693319,-0.17989630935125558,1.305909673112231,0.6541418033616149
1.305909673112231,0.6541418033616149,-0.2033926658600028,-0.2964176086447163,1.3034106217397075,0.6448393090831436
1.3034106217397075,0.6448393090831436,-0.2837292842527264,-0.3713917942153122,1.3001350163473673,0.636073058086885
1.3001350163473673,0.636073058086885,1.8952424726248283,2.021535562631907,1.319718906523651,0.6487023670875929
1.319718906523651,0.6487023670875929,1.2658106188671403,1.296337464225014,1.3325296469391117,0.6517550516233802
1.3325296469391117,0.6517550516233802,0.7741867334129476,0.7490692593977416,1.340145926903165,0.6492433042218596
1.340145926903165,0.6492433042218596,0.39581318813415406,0.3402803954740844,1.3438263948212061,0.6436900249558526
1.3438263948212061,0.6436900249558526,0.10950956513904746,0.03923860497287238,1.3445701356717656,0.636662928939235
1.3445701356717656,0.636662928939235,-0.10268357654018806,-0.17811829448300595,1.3431661263166497,0.6291194571449532
1.3431661263166497,0.6291194571449532,-0.2557975159271975,-0.3306998174567209,1.34023363964973,0.6216292269920008
1.34023363964973,0.6216292269920008,-0.3622821859339093,-0.4334019795626635,1.3362552188222472,0.6145172476291254
1.3362552188222472,0.6145172476291254,-0.4323595934547945,-0.49797310109925985,1.331603555349477,0.6079558968646789
1.331603555349477,0.6079558968646789,-0.47435816398100733,-0.5336792224054446,1.3265633684175446,0.6020237910222351
1.3265633684175446,0.6020237910222351,1.762848031750102,1.9190962138576675,1.3449730896455834,0.6176486092329917
1.3449730896455834,0.6176486092329917,1.1436561289440705,1.2036891341853992,1.3567098159612307,0.6236519097571246
1.3567098159612307,0.6236519097571246,0.6588209383155671,0.662792822627585,1.3633178847659466,0.6240490981883264
1.3633178847659466,0.6240490981883264,0.284564382328895,0.25774843804627945,1.3660294488678224,0.6213675037600649
1.3660294488678224,0.6213675037600649,0.00033549720906522697,-0.041546194218177464,1.3658233953827768,0.6171793346173406
1.3658233953827768,0.6171793346173406,-0.21131953584584598,-0.2586528200768931,1.3634735336031631,0.612446006194236
1.3634735336031631,0.612446006194236,-0.3650280975549949,-0.4120846074858578,1.359587970077959,0.6077403552011497
1.359587970077959,0.6077403552011497,-0.47291944351931714,-0.5164248021373365,1.3546412488496757,0.6033898193393478
1.3546412488496757,0.6033898193393478,-0.5449627169051707,-0.5831760339645276,1.3490005550953272,0.5995684876334121
1.3490005550953272,0.5995684876334121,-0.5892885207742267,-0.6214124406450438,1.3429470502882308,0.5963560956463304
1.3429470502882308,0.5963560956463304,1.6398336679995742,1.8317973311466926,1.3603052052839621,0.6155524619610423
1.3603052052839621,0.6155524619610423,1.0176066617879955,1.1091515367639466,1.3709389962767218,0.6247069494586374
1.3709389962767218,0.6247069494586374,0.5296481452303861,0.5625389979814892,1.376399931992781,0.6279960347337477
1.376399931992781,0.6279960347337477,0.15238310076191378,0.1529160699099082,1.3779264278461403,0.6280493316485471
1.3779264278461403,0.6280493316485471,-0.13462730684861915,-0.15008727041446637,1.3765028549598248,0.6265033352919624
1.3765028549598248,0.6265033352919624,-0.34878146698359747,-0.37022184018914733,1.372907838423961,0.6243592979714074
1.372907838423961,0.6243592979714074,-0.5046860508883574,-0.5261363765459898,1.3677537262867894,0.6222142654056442
1.3677537262867894,0.6222142654056442,-0.6144702847851492,-0.6325129940328745,1.3615188098926994,0.6204099944808716
1.3615188098926994,0.6204099944808716,-0.6881150606657656,-0.7009277180672099,1.3545735959990344,0.6191287287407272
1.3545735959990344,0.6191287287407272,-0.7337689221691817,-0.740510158470291,1.347202200595837,0.6184546051106163
1.347202200595837,0.6184546051106163,-0.7580368420376702,-0.7584543605977045,1.33961974458266,0.6184128532546129
1.33961974458266,0.6184128532546129,-0.7662359941889944,-0.7604178896920104,1.331986475163255,0.6189946637043113
1.331986475163255,0.6189946637043113,1.4416478376069353,1.6886760777623901,1.3476380947401017,0.6436974877198568
1.3476380947401017,0.6436974877198568,0.8507399318860358,0.9892148607548068,1.3568378687033058,0.6575449806067339
1.3568378687033058,0.6575449806067339,0.3852951810611165,0.45977972144413576,1.361063243215832,0.6649934346450359
1.361063243215832,0.6649934346450359,0.023831494268003583,0.062445407095660786,1.3614946277226503,0.6688548259278017
1.3614946277226503,0.6688548259278017,-0.25248322692478825,-0.2321769906628865,1.3590713266347119,0.6708854495539919
1.3590713266347119,0.6708854495539919,-0.45980611270994076,-0.4469998096637494,1.3545372970228433,0.672166079858611
1.3545372970228433,0.672166079858611,-0.6117806122751862,-0.5999688163581898,1.3484785498796765,0.6733472594503106
1.3484785498796765,0.6733472594503106,-0.7197864407321192,-0.7051855161483361,1.3413536900952743,0.6748073519086889
1.3413536900952743,0.6748073519086889,-0.7932206585317693,-0.7737522931641715,1.3335188253367947,0.6767541884454487
1.3335188253367947,0.6767541884454487,-0.839777296545511,-0.8144165631130409,1.325247856038502,0.6792902617886957
1.325247856038502,0.6792902617886957,-0.8657082676147009,-0.8340670910267819,1.3167489792452944,0.6824543794474875
1.3167489792452944,0.6824543794474875,-0.8760575555480301,-0.8381200450004439,1.308178091242552,0.6862481305022462
1.308178091242552,0.6862481305022462,1.2394172737435185,1.5468419996763632,1.3221093876096515,0.7169906030955306
1.3221093876096515,0.7169906030955306,0.6711317462793108,0.8579287997312578,1.3297546903397044,0.7356703084407253
1.3297546903397044,0.7356703084407253,0.22202356653847044,0.33760428764627365,1.3325528296106282,0.7472283805515056
1.3325528296106282,0.7472283805515056,-0.12767478077155722,-0.05211148083425668,1.3316538983025992,0.7547847105452357
1.3316538983025992,0.7547847105452357,-0.3955588262629872,-0.3405023989228942,1.3279735921766698,0.760290353279245
1.3279735921766698,0.760290353279245,-0.5968836651065468,-0.5503010738324762,1.3222376684819745,0.764948612406652
1.3222376684819745,0.764948612406652,-0.7446278180849697,-0.6992481747546079,1.3150182885177766,0.7694865767396882
1.3150182885177766,0.7694865767396882,-0.8496763206086834,-0.8012421426614428,1.306763696201426,0.7743299945344123
1.306763696201426,0.7743299945344123,-0.9210553754029712,-0.8671984144891072,1.2978224272519656,0.7797156906257987
1.2978224272519656,0.7797156906257987,-0.974188721627923,-0.9137312000384021,1.288382827643634,0.7857614427847508
1.288382827643634,0.7857614427847508,-1.0315432324121323,-0.9640886258066732,1.2784046683525399,0.7925069034452967
1.2784046683525399,0.7925069034452967,-1.066177153982571,-0.9917428777468699,1.2681150681938926,0.7999503310688668
1.2681150681938926,0.7999503310688668,-1.0826352094280807,-1.0014626392186528,1.257694578950659,0.8080675880898096
1.257694578950659,0.8080675880898096,0.8946763190280977,1.288455640971403,1.2686102387506566,0.8474455202841401
1.2686102387506566,0.8474455202841401,0.44360237442482897,0.699108168418617,1.2743237914648737,0.8729960996835189
1.2743237914648737,0.8729960996835189,0.062445453805912945,0.23619871064258355,1.2758170122871162,0.8903714253671859
1.2758170122871162,0.8903714253671859,-0.25268940849150895,-0.12499712265199549,1.2739285796313986,0.9031406539511373
1.2739285796313986,0.9031406539511373,-0.5077663045356474,-0.403808035450541,1.2693707079314676,0.9135364808596479
1.2693707079314676,0.9135364808596479,-0.7096307820698465,-0.6156305016743037,1.2627444015127467,0.9229365088992022
1.2627444015127467,0.9229365088992022,-0.8652895061374944,-0.7729192689866676,1.254553357637126,0.9321735326142849
1.254553357637126,0.9321735326142849,-0.9814887117294788,-0.8858700401762691,1.2452165638775972,0.9417353997696059
1.2452165638775972,0.9417353997696059,-1.0644825110471265,-0.9629006064013496,1.2350796482903548,0.9518935902341835
1.2350796482903548,0.9518935902341835,-1.1199206748223174,-1.0109988658172617,1.2244250505871568,0.9627857711346891
1.2244250505871568,0.9627857711346891,-1.1528104609911778,-1.035981844959527,1.2134810890574033,0.9744686327378542
1.2134810890574033,0.9744686327378542,-1.1675232269928746,-1.042694223511653,1.2024300018048806,0.9869515330859764
1.2024300018048806,0.9869515330859764,-1.1678270366602426,-1.0351648410896106,1.1914150424161314,1.0002177526430396
1.1914150424161314,1.0002177526430396,0.6389664353583887,1.1473532394920936,1.2003466407903838,1.05105643305641
1.2003466407903838,1.05105643305641,0.27162254737474867,0.6171607081222836,1.204790557067869,1.0856102491311637
1.204790557067869,1.0856102491311637,-0.067264781417955,0.18184275956823875,1.2053634469586203,1.110521003229783
1.2053634469586203,1.110521003229783,-0.34933823580048085,-0.1546283781856418,1.2028436138886898,1.1299919889912668
1.2028436138886898,1.1299919889912668,-0.5783962908421887,-0.4117886855777192,1.1978926890065902,1.146652749517714
1.1978926890065902,1.146652749517714,-0.765222457974073,-0.6105357378248021,1.1910138980275957,1.162121421532641
1.1910138980275957,1.162121421532641,-0.9212392513274038,-0.7687835126733468,1.182563784207592,1.1773669953980468
1.182563784207592,1.1773669953980468,-1.040925441051066,-0.8850375607451567,1.172933969198611,1.1929557834286377
1.172933969198611,1.1929557834286377,-1.1284444369456423,-0.9660245324159542,1.162461624351803,1.2091977738816064
1.162461624351803,1.2091977738816064,-1.1879825029353301,-1.0175190754156898,1.151434116460048,1.2262441166335705
1.151434116460048,1.2262441166335705,-1.2235721972910536,-1.044516953991126,1.140093670703637,1.2441496409635633
1.140093670703637,1.2441496409635633,-1.2389867563617054,-1.0513556105701967,1.1286419588689776,1.2629127555427142
1.1286419588689776,1.2629127555427142,-1.237681557918938,-1.0418020787216102,1.1172445406857747,1.282500703462447
1.1172445406857747,1.282500703462447,0.43119667486717006,1.0929585679232632,1.124865316899727,1.3486768927680561
1.124865316899727,1.3486768927680561,0.14254073777932993,0.6043125236911537,1.1285995832070794,1.3948540713592386
1.1285995832070794,1.3948540713592386,-0.12224710933480663,0.2202722542559672,1.1290897089316851,1.429106007718316
1.1290897089316851,1.429106007718316,-0.3546486443060176,-0.08048207183844695,1.126914055350963,1.456522664965073
1.126914055350963,1.456522664965073,-0.5512942611978514,-0.3137216395407435,1.12258897584727,1.4802799271307838
1.12258897584727,1.4802799271307838,-0.7119799830335168,-0.49149734244648496,1.11657158921987,1.502328191189487
1.11657158921987,1.502328191189487,-0.8383837895797842,-0.6233095661870136,1.109263122441036,1.523835613528764
1.109263122441036,1.523835613528764,-0.9332363431028287,-0.7168588080880883,1.1010126466850816,1.545473367030238
1.1010126466850816,1.545473367030238,-0.9997876765584096,-0.778530229963241,1.0921210571524733,1.567599111689755
1.0921210571524733,1.567599111689755,-1.0557981785033925,-0.828303502188777,1.0827005487490124,1.5903485793212164
